piece,x,y
2.0,192.1773049,2125.593712
2.0,580.956247,1552.762256
2.0,539.3785152,1397.821322
3.0,192.1773049,2125.593712
3.0,1331.814823,1648.020348
3.0,580.956247,1552.762256
5.0,539.3785152,1397.821322
5.0,580.956247,1552.762256
5.0,1331.814823,1648.020348
5.0,2066.283764,935.972691
